speed mixed min_bound (incl),0.0,0.0,1.0,2.0,3.0,4.0,5.0,6.0,7.0,8.0,9.0,10.0,11.0,12.0,13.0,14.0,15.0,16.0,17.0,18.0,19.0,20.0,21.0,22.0,23.0,24.0,25.0,26.0,27.0,28.0,29.0,30.0,31.0,32.0,33.0,34.0,35.0,36.0,37.0,38.0,39.0,40.0,41.0,42.0,43.0,44.0,45.0,46.0,47.0,48.0,49.0,50.0,51.0,52.0,53.0,54.0,55.0,56.0,57.0,58.0,59.0,60.0,61.0,62.0,63.0,64.0,65.0,66.0,67.0,68.0,69.0,70.0,71.0,72.0,73.0,74.0,75.0,76.0,77.0,78.0,79.0,80.0,81.0,82.0,83.0,84.0,85.0,86.0,87.0,88.0,89.0,90.0,91.0,92.0,93.0,94.0,95.0,96.0,97.0,98.0,99.0,100.0,101.0,102.0,103.0,104.0,105.0,106.0,107.0,108.0,109.0,110.0,111.0,112.0,113.0,114.0,115.0,116.0,117.0,118.0,119.0,120.0,121.0,122.0,123.0,124.0,125.0,126.0,127.0,128.0,129.0,130.0,131.0,132.0,133.0,134.0,135.0,136.0,137.0,138.0,139.0,140.0,141.0,142.0,143.0,144.0,145.0,146.0,147.0,148.0,149.0,150.0,151.0,152.0,153.0,154.0,155.0,156.0,157.0,158.0,159.0,160.0,161.0,162.0,163.0,164.0,165.0,166.0,167.0,168.0,169.0,170.0,171.0,172.0,173.0,174.0,175.0,176.0,177.0,178.0,179.0,180.0,181.0,182.0,183.0,184.0,185.0,186.0,187.0,188.0,189.0,190.0,191.0,192.0,193.0,194.0,195.0,196.0,197.0,198.0,199.0,200.0,201.0,202.0,203.0,204.0,205.0,206.0,207.0,208.0,209.0,210.0,211.0,212.0,213.0,214.0,215.0,216.0,217.0,218.0,219.0,220.0,221.0,222.0,223.0,224.0,225.0,226.0,227.0,228.0,229.0,230.0,231.0,232.0,233.0,234.0,235.0,236.0,237.0,238.0,239.0,240.0,241.0,242.0,243.0,244.0,245.0,246.0,247.0,248.0,249.0,250.0,251.0,252.0,253.0,254.0,255.0,256.0,257.0,258.0,259.0,260.0,261.0,262.0,263.0,264.0,265.0,266.0,267.0,268.0,269.0,270.0,271.0,272.0,273.0,274.0,275.0,276.0,277.0,278.0,279.0,280.0,281.0,282.0,283.0,284.0,285.0,286.0,287.0,288.0,289.0,290.0,291.0,292.0,293.0,294.0,295.0,296.0,297.0,298.0,299.0,300.0,301.0,302.0,303.0,304.0,305.0,306.0,307.0,308.0,309.0,310.0,311.0,312.0,313.0,314.0,315.0,316.0,317.0,318.0,319.0,320.0,321.0,322.0,323.0,324.0,325.0,326.0,327.0,328.0,329.0,330.0,331.0,332.0,333.0,334.0,335.0,336.0,337.0,338.0,339.0,340.0,341.0,342.0,343.0,344.0,345.0,346.0,347.0,348.0,349.0,350.0,351.0,352.0,353.0,354.0,355.0,356.0,357.0,358.0,359.0,360.0,361.0,362.0,363.0,364.0,365.0,366.0,367.0,368.0,369.0,370.0,371.0,372.0,373.0,374.0,375.0,376.0,377.0,378.0,379.0,380.0,381.0,382.0,383.0,384.0,385.0,386.0,387.0,388.0,389.0,390.0,391.0,392.0,393.0,394.0,395.0,396.0,397.0,398.0,399.0,400.0,401.0,402.0,403.0,404.0,405.0,406.0,407.0,408.0,409.0,410.0,411.0,412.0,413.0,414.0,415.0,416.0,417.0,418.0,419.0,420.0,421.0,422.0
speed mixed max_bound (excl),422.46667,1.0,2.0,3.0,4.0,5.0,6.0,7.0,8.0,9.0,10.0,11.0,12.0,13.0,14.0,15.0,16.0,17.0,18.0,19.0,20.0,21.0,22.0,23.0,24.0,25.0,26.0,27.0,28.0,29.0,30.0,31.0,32.0,33.0,34.0,35.0,36.0,37.0,38.0,39.0,40.0,41.0,42.0,43.0,44.0,45.0,46.0,47.0,48.0,49.0,50.0,51.0,52.0,53.0,54.0,55.0,56.0,57.0,58.0,59.0,60.0,61.0,62.0,63.0,64.0,65.0,66.0,67.0,68.0,69.0,70.0,71.0,72.0,73.0,74.0,75.0,76.0,77.0,78.0,79.0,80.0,81.0,82.0,83.0,84.0,85.0,86.0,87.0,88.0,89.0,90.0,91.0,92.0,93.0,94.0,95.0,96.0,97.0,98.0,99.0,100.0,101.0,102.0,103.0,104.0,105.0,106.0,107.0,108.0,109.0,110.0,111.0,112.0,113.0,114.0,115.0,116.0,117.0,118.0,119.0,120.0,121.0,122.0,123.0,124.0,125.0,126.0,127.0,128.0,129.0,130.0,131.0,132.0,133.0,134.0,135.0,136.0,137.0,138.0,139.0,140.0,141.0,142.0,143.0,144.0,145.0,146.0,147.0,148.0,149.0,150.0,151.0,152.0,153.0,154.0,155.0,156.0,157.0,158.0,159.0,160.0,161.0,162.0,163.0,164.0,165.0,166.0,167.0,168.0,169.0,170.0,171.0,172.0,173.0,174.0,175.0,176.0,177.0,178.0,179.0,180.0,181.0,182.0,183.0,184.0,185.0,186.0,187.0,188.0,189.0,190.0,191.0,192.0,193.0,194.0,195.0,196.0,197.0,198.0,199.0,200.0,201.0,202.0,203.0,204.0,205.0,206.0,207.0,208.0,209.0,210.0,211.0,212.0,213.0,214.0,215.0,216.0,217.0,218.0,219.0,220.0,221.0,222.0,223.0,224.0,225.0,226.0,227.0,228.0,229.0,230.0,231.0,232.0,233.0,234.0,235.0,236.0,237.0,238.0,239.0,240.0,241.0,242.0,243.0,244.0,245.0,246.0,247.0,248.0,249.0,250.0,251.0,252.0,253.0,254.0,255.0,256.0,257.0,258.0,259.0,260.0,261.0,262.0,263.0,264.0,265.0,266.0,267.0,268.0,269.0,270.0,271.0,272.0,273.0,274.0,275.0,276.0,277.0,278.0,279.0,280.0,281.0,282.0,283.0,284.0,285.0,286.0,287.0,288.0,289.0,290.0,291.0,292.0,293.0,294.0,295.0,296.0,297.0,298.0,299.0,300.0,301.0,302.0,303.0,304.0,305.0,306.0,307.0,308.0,309.0,310.0,311.0,312.0,313.0,314.0,315.0,316.0,317.0,318.0,319.0,320.0,321.0,322.0,323.0,324.0,325.0,326.0,327.0,328.0,329.0,330.0,331.0,332.0,333.0,334.0,335.0,336.0,337.0,338.0,339.0,340.0,341.0,342.0,343.0,344.0,345.0,346.0,347.0,348.0,349.0,350.0,351.0,352.0,353.0,354.0,355.0,356.0,357.0,358.0,359.0,360.0,361.0,362.0,363.0,364.0,365.0,366.0,367.0,368.0,369.0,370.0,371.0,372.0,373.0,374.0,375.0,376.0,377.0,378.0,379.0,380.0,381.0,382.0,383.0,384.0,385.0,386.0,387.0,388.0,389.0,390.0,391.0,392.0,393.0,394.0,395.0,396.0,397.0,398.0,399.0,400.0,401.0,402.0,403.0,404.0,405.0,406.0,407.0,408.0,409.0,410.0,411.0,412.0,413.0,414.0,415.0,416.0,417.0,418.0,419.0,420.0,421.0,422.0,423.0
speed values,-1,819,1910,2171,2398,3076,3566,4362,5025,7117,6785,7046,9775,6429,5861,4944,4082,5084,2948,2739,2389,2183,1737,1660,1411,1283,1860,1177,1143,1254,1185,1127,1194,1241,1105,1052,1079,1155,996,1041,1049,1128,1140,1075,1061,1160,1081,1103,1188,1353,1324,1430,1416,1453,1495,1521,1507,1818,1786,1676,1815,1826,1884,1917,2091,2274,2346,2579,2511,2678,2809,2906,3050,3512,3299,3331,3691,3754,3782,3993,4461,4922,5041,5510,5810,5824,6024,6257,6876,7408,7471,7829,8014,8541,8969,9221,9737,10165,10500,10680,11064,11147,11690,11928,12529,13240,13479,13846,13895,13968,13984,13822,14388,14766,15189,14723,14703,14928,14584,14909,15308,15607,15922,15899,15476,15582,15710,15624,15852,15937,16649,16537,16280,16418,16159,16384,16606,17566,17401,17779,17752,17669,17684,18003,18342,18899,19045,19703,19970,20123,19949,20352,20324,20460,20574,20446,20316,20306,20446,20644,20717,20213,20522,20224,19865,19701,19325,19292,19196,18472,18419,17839,17156,16597,16058,15664,15151,14633,14513,14118,13404,12945,12762,12056,11856,11475,11389,10676,10222,10035,9806,9303,9062,8698,8697,8505,8147,8030,7890,7450,7403,7157,7143,7067,6811,6693,6462,6457,6144,6160,6085,6066,6016,5916,5926,5783,5941,5719,5766,5773,5593,5555,5474,5487,5474,5294,5446,5175,5238,5344,5169,5137,5002,4946,4951,4889,4721,4684,4725,4718,4573,4677,4465,4524,4496,4467,4425,4441,4308,4229,4179,4150,4160,3972,4044,4075,3999,3906,3803,3785,3736,3552,3488,3314,3273,3304,3104,3050,2900,3019,2886,2719,2729,2649,2474,2477,2245,2270,2145,2072,1979,1779,1735,1657,1575,1456,1405,1366,1257,1204,1109,1043,943,919,780,803,679,650,597,604,592,524,431,388,364,306,286,256,262,241,188,201,159,127,198,117,122,101,78,69,75,72,59,49,54,49,42,22,34,20,26,29,26,25,28,21,14,21,10,14,11,13,19,8,9,5,10,8,7,8,10,8,10,5,3,1,8,8,9,3,3,2,2,3,3,2,1,0,0,2,1,2,1,2,0,2,1,1,2,1,2,0,1,3,1,0,0,1,1,1,3,2,0,1,0,2,1,0,0,2,2,0,1,2,0,1,0,1,1,1,0,0,2,1,0,0,0,0,0,0,1,0,0,1
trate mixed min_bound (incl),-3894,-3900,-3890,-3880,-3870,-3860,-3850,-3840,-3830,-3820,-3810,-3800,-3790,-3780,-3770,-3760,-3750,-3740,-3730,-3720,-3710,-3700,-3690,-3680,-3670,-3660,-3650,-3640,-3630,-3620,-3610,-3600,-3590,-3580,-3570,-3560,-3550,-3540,-3530,-3520,-3510,-3500,-3490,-3480,-3470,-3460,-3450,-3440,-3430,-3420,-3410,-3400,-3390,-3380,-3370,-3360,-3350,-3340,-3330,-3320,-3310,-3300,-3290,-3280,-3270,-3260,-3250,-3240,-3230,-3220,-3210,-3200,-3190,-3180,-3170,-3160,-3150,-3140,-3130,-3120,-3110,-3100,-3090,-3080,-3070,-3060,-3050,-3040,-3030,-3020,-3010,-3000,-2990,-2980,-2970,-2960,-2950,-2940,-2930,-2920,-2910,-2900,-2890,-2880,-2870,-2860,-2850,-2840,-2830,-2820,-2810,-2800,-2790,-2780,-2770,-2760,-2750,-2740,-2730,-2720,-2710,-2700,-2690,-2680,-2670,-2660,-2650,-2640,-2630,-2620,-2610,-2600,-2590,-2580,-2570,-2560,-2550,-2540,-2530,-2520,-2510,-2500,-2490,-2480,-2470,-2460,-2450,-2440,-2430,-2420,-2410,-2400,-2390,-2380,-2370,-2360,-2350,-2340,-2330,-2320,-2310,-2300,-2290,-2280,-2270,-2260,-2250,-2240,-2230,-2220,-2210,-2200,-2190,-2180,-2170,-2160,-2150,-2140,-2130,-2120,-2110,-2100,-2090,-2080,-2070,-2060,-2050,-2040,-2030,-2020,-2010,-2000,-1990,-1980,-1970,-1960,-1950,-1940,-1930,-1920,-1910,-1900,-1890,-1880,-1870,-1860,-1850,-1840,-1830,-1820,-1810,-1800,-1790,-1780,-1770,-1760,-1750,-1740,-1730,-1720,-1710,-1700,-1690,-1680,-1670,-1660,-1650,-1640,-1630,-1620,-1610,-1600,-1590,-1580,-1570,-1560,-1550,-1540,-1530,-1520,-1510,-1500,-1490,-1480,-1470,-1460,-1450,-1440,-1430,-1420,-1410,-1400,-1390,-1380,-1370,-1360,-1350,-1340,-1330,-1320,-1310,-1300,-1290,-1280,-1270,-1260,-1250,-1240,-1230,-1220,-1210,-1200,-1190,-1180,-1170,-1160,-1150,-1140,-1130,-1120,-1110,-1100,-1090,-1080,-1070,-1060,-1050,-1040,-1030,-1020,-1010,-1000,-990,-980,-970,-960,-950,-940,-930,-920,-910,-900,-890,-880,-870,-860,-850,-840,-830,-820,-810,-800,-790,-780,-770,-760,-750,-740,-730,-720,-710,-700,-690,-680,-670,-660,-650,-640,-630,-620,-610,-600,-590,-580,-570,-560,-550,-540,-530,-520,-510,-500,-490,-480,-470,-460,-450,-440,-430,-420,-410,-400,-390,-380,-370,-360,-350,-340,-330,-320,-310,-300,-290,-280,-270,-260,-250,-240,-230,-220,-210,-200,-190,-180,-170,-160,-150,-140,-130,-120,-110,-100,-90,-80,-70,-60,-50,-40,-30,-20,-10,0,10,20,30,40,50,60,70,80,90,100,110,120,130,140,150,160,170,180,190,200,210,220,230,240,250,260,270,280,290,300,310,320,330,340,350,360,370,380,390,400,410,420,430,440,450,460,470,480,490,500,510,520,530,540,550,560,570,580,590,600,610,620,630,640,650,660,670,680,690,700,710,720,730,740,750,760,770,780,790,800,810,820,830,840,850,860,870,880,890,900,910,920,930,940,950,960,970,980,990,1000,1010,1020,1030,1040,1050,1060,1070,1080,1090,1100,1110,1120,1130,1140,1150,1160,1170,1180,1190,1200,1210,1220,1230,1240,1250,1260,1270,1280,1290,1300,1310,1320,1330,1340,1350,1360,1370,1380,1390,1400,1410,1420,1430,1440,1450,1460,1470,1480,1490,1500,1510,1520,1530,1540,1550,1560,1570,1580,1590,1600,1610,1620,1630,1640,1650,1660,1670,1680,1690,1700,1710,1720,1730,1740,1750,1760,1770,1780,1790,1800,1810,1820,1830,1840,1850,1860,1870,1880,1890,1900,1910,1920,1930,1940,1950,1960,1970,1980,1990,2000,2010,2020,2030,2040,2050,2060,2070,2080,2090,2100,2110,2120,2130,2140,2150,2160,2170,2180,2190,2200,2210,2220,2230,2240,2250,2260,2270,2280,2290,2300,2310,2320,2330,2340,2350,2360,2370,2380,2390,2400,2410,2420,2430,2440,2450,2460,2470,2480,2490,2500,2510,2520,2530,2540,2550,2560,2570,2580,2590,2600,2610,2620,2630,2640,2650,2660,2670,2680,2690,2700,2710,2720,2730,2740,2750,2760,2770,2780,2790,2800,2810,2820,2830,2840,2850,2860,2870,2880,2890,2900,2910,2920,2930,2940,2950,2960,2970,2980,2990,3000,3010,3020,3030,3040,3050,3060,3070,3080,3090,3100,3110,3120,3130,3140,3150,3160,3170,3180,3190,3200,3210,3220,3230,3240,3250,3260,3270,3280,3290,3300,3310,3320,3330,3340,3350,3360,3370,3380,3390,3400,3410,3420,3430,3440,3450,3460,3470,3480,3490,3500,3510,3520,3530,3540,3550,3560,3570,3580,3590,3600,3610,3620,3630,3640,3650,3660,3670,3680,3690,3700,3710,3720,3730,3740,3750,3760,3770,3780,3790,3800,3810,3820,3830
trate mixed max_bound (excl),3830,-3890,-3880,-3870,-3860,-3850,-3840,-3830,-3820,-3810,-3800,-3790,-3780,-3770,-3760,-3750,-3740,-3730,-3720,-3710,-3700,-3690,-3680,-3670,-3660,-3650,-3640,-3630,-3620,-3610,-3600,-3590,-3580,-3570,-3560,-3550,-3540,-3530,-3520,-3510,-3500,-3490,-3480,-3470,-3460,-3450,-3440,-3430,-3420,-3410,-3400,-3390,-3380,-3370,-3360,-3350,-3340,-3330,-3320,-3310,-3300,-3290,-3280,-3270,-3260,-3250,-3240,-3230,-3220,-3210,-3200,-3190,-3180,-3170,-3160,-3150,-3140,-3130,-3120,-3110,-3100,-3090,-3080,-3070,-3060,-3050,-3040,-3030,-3020,-3010,-3000,-2990,-2980,-2970,-2960,-2950,-2940,-2930,-2920,-2910,-2900,-2890,-2880,-2870,-2860,-2850,-2840,-2830,-2820,-2810,-2800,-2790,-2780,-2770,-2760,-2750,-2740,-2730,-2720,-2710,-2700,-2690,-2680,-2670,-2660,-2650,-2640,-2630,-2620,-2610,-2600,-2590,-2580,-2570,-2560,-2550,-2540,-2530,-2520,-2510,-2500,-2490,-2480,-2470,-2460,-2450,-2440,-2430,-2420,-2410,-2400,-2390,-2380,-2370,-2360,-2350,-2340,-2330,-2320,-2310,-2300,-2290,-2280,-2270,-2260,-2250,-2240,-2230,-2220,-2210,-2200,-2190,-2180,-2170,-2160,-2150,-2140,-2130,-2120,-2110,-2100,-2090,-2080,-2070,-2060,-2050,-2040,-2030,-2020,-2010,-2000,-1990,-1980,-1970,-1960,-1950,-1940,-1930,-1920,-1910,-1900,-1890,-1880,-1870,-1860,-1850,-1840,-1830,-1820,-1810,-1800,-1790,-1780,-1770,-1760,-1750,-1740,-1730,-1720,-1710,-1700,-1690,-1680,-1670,-1660,-1650,-1640,-1630,-1620,-1610,-1600,-1590,-1580,-1570,-1560,-1550,-1540,-1530,-1520,-1510,-1500,-1490,-1480,-1470,-1460,-1450,-1440,-1430,-1420,-1410,-1400,-1390,-1380,-1370,-1360,-1350,-1340,-1330,-1320,-1310,-1300,-1290,-1280,-1270,-1260,-1250,-1240,-1230,-1220,-1210,-1200,-1190,-1180,-1170,-1160,-1150,-1140,-1130,-1120,-1110,-1100,-1090,-1080,-1070,-1060,-1050,-1040,-1030,-1020,-1010,-1000,-990,-980,-970,-960,-950,-940,-930,-920,-910,-900,-890,-880,-870,-860,-850,-840,-830,-820,-810,-800,-790,-780,-770,-760,-750,-740,-730,-720,-710,-700,-690,-680,-670,-660,-650,-640,-630,-620,-610,-600,-590,-580,-570,-560,-550,-540,-530,-520,-510,-500,-490,-480,-470,-460,-450,-440,-430,-420,-410,-400,-390,-380,-370,-360,-350,-340,-330,-320,-310,-300,-290,-280,-270,-260,-250,-240,-230,-220,-210,-200,-190,-180,-170,-160,-150,-140,-130,-120,-110,-100,-90,-80,-70,-60,-50,-40,-30,-20,-10,0,10,20,30,40,50,60,70,80,90,100,110,120,130,140,150,160,170,180,190,200,210,220,230,240,250,260,270,280,290,300,310,320,330,340,350,360,370,380,390,400,410,420,430,440,450,460,470,480,490,500,510,520,530,540,550,560,570,580,590,600,610,620,630,640,650,660,670,680,690,700,710,720,730,740,750,760,770,780,790,800,810,820,830,840,850,860,870,880,890,900,910,920,930,940,950,960,970,980,990,1000,1010,1020,1030,1040,1050,1060,1070,1080,1090,1100,1110,1120,1130,1140,1150,1160,1170,1180,1190,1200,1210,1220,1230,1240,1250,1260,1270,1280,1290,1300,1310,1320,1330,1340,1350,1360,1370,1380,1390,1400,1410,1420,1430,1440,1450,1460,1470,1480,1490,1500,1510,1520,1530,1540,1550,1560,1570,1580,1590,1600,1610,1620,1630,1640,1650,1660,1670,1680,1690,1700,1710,1720,1730,1740,1750,1760,1770,1780,1790,1800,1810,1820,1830,1840,1850,1860,1870,1880,1890,1900,1910,1920,1930,1940,1950,1960,1970,1980,1990,2000,2010,2020,2030,2040,2050,2060,2070,2080,2090,2100,2110,2120,2130,2140,2150,2160,2170,2180,2190,2200,2210,2220,2230,2240,2250,2260,2270,2280,2290,2300,2310,2320,2330,2340,2350,2360,2370,2380,2390,2400,2410,2420,2430,2440,2450,2460,2470,2480,2490,2500,2510,2520,2530,2540,2550,2560,2570,2580,2590,2600,2610,2620,2630,2640,2650,2660,2670,2680,2690,2700,2710,2720,2730,2740,2750,2760,2770,2780,2790,2800,2810,2820,2830,2840,2850,2860,2870,2880,2890,2900,2910,2920,2930,2940,2950,2960,2970,2980,2990,3000,3010,3020,3030,3040,3050,3060,3070,3080,3090,3100,3110,3120,3130,3140,3150,3160,3170,3180,3190,3200,3210,3220,3230,3240,3250,3260,3270,3280,3290,3300,3310,3320,3330,3340,3350,3360,3370,3380,3390,3400,3410,3420,3430,3440,3450,3460,3470,3480,3490,3500,3510,3520,3530,3540,3550,3560,3570,3580,3590,3600,3610,3620,3630,3640,3650,3660,3670,3680,3690,3700,3710,3720,3730,3740,3750,3760,3770,3780,3790,3800,3810,3820,3830,3840
trate values,-1,1,0,1,0,0,0,0,0,0,0,0,0,1,0,0,1,0,0,0,0,0,0,0,0,1,0,1,1,0,0,0,0,1,0,0,0,0,1,0,0,1,2,2,0,1,0,1,2,1,1,1,2,0,2,2,0,1,2,1,2,1,2,0,1,0,2,4,1,0,2,1,3,1,3,4,5,4,3,4,3,5,1,3,4,2,3,1,5,2,3,1,1,4,5,1,2,4,7,3,10,2,6,1,4,2,2,4,5,1,2,3,3,2,3,8,2,5,4,3,5,3,2,3,3,6,2,6,2,2,6,6,2,7,3,4,5,14,6,5,5,4,7,2,4,5,7,5,5,4,2,8,7,7,8,6,5,7,5,3,4,3,7,9,6,10,9,10,7,12,9,7,11,8,9,6,7,7,9,9,10,4,4,10,9,8,12,16,9,9,9,5,15,7,9,14,12,5,4,9,8,6,10,11,11,19,12,11,12,12,14,8,11,15,21,19,7,21,11,14,8,17,18,35,14,14,13,20,28,26,20,15,8,21,22,27,20,21,18,23,18,26,23,16,22,24,14,14,22,22,34,23,30,26,29,36,29,27,31,33,32,19,32,33,36,41,26,33,25,38,34,34,47,40,52,38,50,46,47,48,36,59,51,67,73,68,71,68,60,64,83,61,65,81,67,86,73,74,86,86,103,107,103,103,99,100,107,98,112,110,118,135,133,132,163,130,149,140,154,170,177,167,176,214,202,232,197,210,265,222,251,252,237,313,306,322,317,433,434,429,465,477,539,622,582,627,740,785,826,901,1053,1097,1263,1483,1591,1715,1839,2075,2354,2644,2811,3178,3549,3791,4136,4337,4888,5162,5636,5825,6228,6639,7054,7590,7984,8412,8911,9682,10865,12492,14800,18093,22896,30088,41836,58053,82190,113500,153302,194971,232563,277601,199455,158234,115304,81837,59396,43444,31811,23443,17655,14198,12050,10365,9079,8089,7393,6812,6221,5735,5429,5132,4700,4592,4187,3932,3511,3289,3021,2964,2563,2263,2097,1919,1742,1439,1297,1277,1321,1023,889,821,813,729,705,659,610,522,490,468,517,453,423,445,490,383,369,372,324,337,293,314,299,307,261,258,264,241,224,212,189,184,224,211,173,176,200,164,181,174,145,159,134,123,144,119,122,133,136,130,152,124,118,106,118,102,91,85,107,82,86,73,72,80,89,93,69,75,73,86,58,71,67,63,72,59,61,66,57,54,47,53,39,50,44,66,49,54,59,51,54,43,58,37,30,31,32,32,37,36,51,49,38,41,36,44,37,35,34,29,19,39,33,34,23,19,27,28,25,27,30,30,38,20,22,19,26,22,19,20,20,20,19,24,28,16,21,22,27,22,22,25,19,21,17,15,16,20,10,11,21,14,16,12,6,11,11,13,11,11,15,9,12,19,13,13,12,8,9,9,7,10,13,7,14,8,10,5,11,10,10,8,5,8,4,7,13,11,2,10,4,2,10,11,5,9,9,4,4,8,10,5,8,8,9,5,8,3,3,2,4,4,9,12,3,11,7,7,6,9,4,6,6,5,3,6,1,5,3,3,6,3,8,5,3,5,4,3,5,1,2,1,4,3,8,2,7,2,3,2,2,4,2,3,2,5,1,5,2,6,1,1,3,2,2,5,2,5,4,2,1,3,1,4,5,3,2,4,2,2,1,2,1,5,0,1,1,1,3,2,3,0,0,2,0,3,3,2,0,2,1,2,1,0,1,2,2,4,4,1,2,1,0,0,0,0,0,0,1,0,0,0,1,0,0,0,0,0,0,1,1,0,0,1,0,0,0,0,0,0,1,0,1,1,1
vrate mixed min_bound (incl),-6252,-6260,-6250,-6240,-6230,-6220,-6210,-6200,-6190,-6180,-6170,-6160,-6150,-6140,-6130,-6120,-6110,-6100,-6090,-6080,-6070,-6060,-6050,-6040,-6030,-6020,-6010,-6000,-5990,-5980,-5970,-5960,-5950,-5940,-5930,-5920,-5910,-5900,-5890,-5880,-5870,-5860,-5850,-5840,-5830,-5820,-5810,-5800,-5790,-5780,-5770,-5760,-5750,-5740,-5730,-5720,-5710,-5700,-5690,-5680,-5670,-5660,-5650,-5640,-5630,-5620,-5610,-5600,-5590,-5580,-5570,-5560,-5550,-5540,-5530,-5520,-5510,-5500,-5490,-5480,-5470,-5460,-5450,-5440,-5430,-5420,-5410,-5400,-5390,-5380,-5370,-5360,-5350,-5340,-5330,-5320,-5310,-5300,-5290,-5280,-5270,-5260,-5250,-5240,-5230,-5220,-5210,-5200,-5190,-5180,-5170,-5160,-5150,-5140,-5130,-5120,-5110,-5100,-5090,-5080,-5070,-5060,-5050,-5040,-5030,-5020,-5010,-5000,-4990,-4980,-4970,-4960,-4950,-4940,-4930,-4920,-4910,-4900,-4890,-4880,-4870,-4860,-4850,-4840,-4830,-4820,-4810,-4800,-4790,-4780,-4770,-4760,-4750,-4740,-4730,-4720,-4710,-4700,-4690,-4680,-4670,-4660,-4650,-4640,-4630,-4620,-4610,-4600,-4590,-4580,-4570,-4560,-4550,-4540,-4530,-4520,-4510,-4500,-4490,-4480,-4470,-4460,-4450,-4440,-4430,-4420,-4410,-4400,-4390,-4380,-4370,-4360,-4350,-4340,-4330,-4320,-4310,-4300,-4290,-4280,-4270,-4260,-4250,-4240,-4230,-4220,-4210,-4200,-4190,-4180,-4170,-4160,-4150,-4140,-4130,-4120,-4110,-4100,-4090,-4080,-4070,-4060,-4050,-4040,-4030,-4020,-4010,-4000,-3990,-3980,-3970,-3960,-3950,-3940,-3930,-3920,-3910,-3900,-3890,-3880,-3870,-3860,-3850,-3840,-3830,-3820,-3810,-3800,-3790,-3780,-3770,-3760,-3750,-3740,-3730,-3720,-3710,-3700,-3690,-3680,-3670,-3660,-3650,-3640,-3630,-3620,-3610,-3600,-3590,-3580,-3570,-3560,-3550,-3540,-3530,-3520,-3510,-3500,-3490,-3480,-3470,-3460,-3450,-3440,-3430,-3420,-3410,-3400,-3390,-3380,-3370,-3360,-3350,-3340,-3330,-3320,-3310,-3300,-3290,-3280,-3270,-3260,-3250,-3240,-3230,-3220,-3210,-3200,-3190,-3180,-3170,-3160,-3150,-3140,-3130,-3120,-3110,-3100,-3090,-3080,-3070,-3060,-3050,-3040,-3030,-3020,-3010,-3000,-2990,-2980,-2970,-2960,-2950,-2940,-2930,-2920,-2910,-2900,-2890,-2880,-2870,-2860,-2850,-2840,-2830,-2820,-2810,-2800,-2790,-2780,-2770,-2760,-2750,-2740,-2730,-2720,-2710,-2700,-2690,-2680,-2670,-2660,-2650,-2640,-2630,-2620,-2610,-2600,-2590,-2580,-2570,-2560,-2550,-2540,-2530,-2520,-2510,-2500,-2490,-2480,-2470,-2460,-2450,-2440,-2430,-2420,-2410,-2400,-2390,-2380,-2370,-2360,-2350,-2340,-2330,-2320,-2310,-2300,-2290,-2280,-2270,-2260,-2250,-2240,-2230,-2220,-2210,-2200,-2190,-2180,-2170,-2160,-2150,-2140,-2130,-2120,-2110,-2100,-2090,-2080,-2070,-2060,-2050,-2040,-2030,-2020,-2010,-2000,-1990,-1980,-1970,-1960,-1950,-1940,-1930,-1920,-1910,-1900,-1890,-1880,-1870,-1860,-1850,-1840,-1830,-1820,-1810,-1800,-1790,-1780,-1770,-1760,-1750,-1740,-1730,-1720,-1710,-1700,-1690,-1680,-1670,-1660,-1650,-1640,-1630,-1620,-1610,-1600,-1590,-1580,-1570,-1560,-1550,-1540,-1530,-1520,-1510,-1500,-1490,-1480,-1470,-1460,-1450,-1440,-1430,-1420,-1410,-1400,-1390,-1380,-1370,-1360,-1350,-1340,-1330,-1320,-1310,-1300,-1290,-1280,-1270,-1260,-1250,-1240,-1230,-1220,-1210,-1200,-1190,-1180,-1170,-1160,-1150,-1140,-1130,-1120,-1110,-1100,-1090,-1080,-1070,-1060,-1050,-1040,-1030,-1020,-1010,-1000,-990,-980,-970,-960,-950,-940,-930,-920,-910,-900,-890,-880,-870,-860,-850,-840,-830,-820,-810,-800,-790,-780,-770,-760,-750,-740,-730,-720,-710,-700,-690,-680,-670,-660,-650,-640,-630,-620,-610,-600,-590,-580,-570,-560,-550,-540,-530,-520,-510,-500,-490,-480,-470,-460,-450,-440,-430,-420,-410,-400,-390,-380,-370,-360,-350,-340,-330,-320,-310,-300,-290,-280,-270,-260,-250,-240,-230,-220,-210,-200,-190,-180,-170,-160,-150,-140,-130,-120,-110,-100,-90,-80,-70,-60,-50,-40,-30,-20,-10,0,10,20,30,40,50,60,70,80,90,100,110,120,130,140,150,160,170,180,190,200,210,220,230,240,250,260,270,280,290,300,310,320,330,340,350,360,370,380,390,400,410,420,430,440,450,460,470,480,490,500,510,520,530,540,550,560,570,580,590,600,610,620,630,640,650,660,670,680,690,700,710,720,730,740,750,760,770,780,790,800,810,820,830,840,850,860,870,880,890,900,910,920,930,940,950,960,970,980,990,1000,1010,1020,1030,1040,1050,1060,1070,1080,1090,1100,1110,1120,1130,1140,1150,1160,1170,1180,1190,1200,1210,1220,1230,1240,1250,1260,1270,1280,1290,1300,1310,1320,1330,1340,1350,1360,1370,1380,1390,1400,1410,1420,1430,1440,1450,1460,1470,1480,1490,1500,1510,1520,1530,1540,1550,1560,1570,1580,1590,1600,1610,1620,1630,1640,1650,1660,1670,1680,1690,1700,1710,1720,1730,1740,1750,1760,1770,1780,1790,1800,1810,1820,1830,1840,1850,1860,1870,1880,1890,1900,1910,1920,1930,1940,1950,1960,1970,1980,1990,2000,2010,2020,2030,2040,2050,2060,2070,2080,2090,2100,2110,2120,2130,2140,2150,2160,2170,2180,2190,2200,2210,2220,2230,2240,2250,2260,2270,2280,2290,2300,2310,2320,2330,2340,2350,2360,2370,2380,2390,2400,2410,2420,2430,2440,2450,2460,2470,2480,2490,2500,2510,2520,2530,2540,2550,2560,2570,2580,2590,2600,2610,2620,2630,2640,2650,2660,2670,2680,2690,2700,2710,2720,2730,2740,2750,2760,2770,2780,2790,2800,2810,2820,2830,2840,2850,2860,2870,2880,2890,2900,2910,2920,2930,2940,2950,2960,2970,2980,2990,3000,3010,3020,3030,3040,3050,3060,3070,3080,3090,3100,3110,3120,3130,3140,3150,3160,3170,3180,3190,3200,3210,3220,3230,3240,3250,3260,3270,3280,3290,3300,3310,3320,3330,3340,3350,3360,3370,3380,3390,3400,3410,3420,3430,3440,3450,3460,3470,3480,3490,3500,3510,3520,3530,3540,3550,3560,3570,3580,3590,3600,3610,3620,3630,3640,3650,3660,3670,3680,3690,3700,3710,3720,3730,3740,3750,3760,3770,3780,3790,3800,3810,3820,3830,3840,3850,3860,3870,3880,3890,3900,3910,3920,3930,3940,3950,3960,3970,3980,3990,4000,4010,4020,4030,4040,4050,4060,4070,4080,4090,4100,4110,4120,4130,4140,4150,4160,4170,4180,4190,4200,4210,4220,4230,4240,4250,4260,4270,4280,4290,4300,4310,4320,4330,4340,4350,4360,4370,4380,4390,4400,4410,4420,4430,4440,4450,4460,4470,4480,4490,4500,4510,4520,4530,4540,4550,4560,4570,4580,4590,4600,4610,4620,4630,4640,4650,4660,4670,4680,4690,4700,4710,4720,4730,4740,4750,4760,4770,4780,4790,4800,4810,4820,4830,4840,4850,4860,4870,4880,4890,4900,4910,4920,4930,4940,4950,4960,4970,4980,4990,5000,5010,5020,5030,5040,5050,5060,5070,5080,5090,5100,5110,5120,5130,5140,5150,5160,5170,5180,5190,5200,5210,5220,5230,5240,5250,5260,5270,5280,5290,5300,5310,5320,5330,5340,5350,5360,5370,5380,5390,5400,5410,5420,5430,5440,5450,5460,5470,5480,5490,5500,5510,5520,5530,5540,5550,5560,5570,5580,5590,5600,5610,5620,5630,5640,5650,5660,5670,5680,5690,5700,5710,5720,5730,5740,5750,5760,5770,5780,5790,5800,5810,5820,5830,5840,5850,5860,5870,5880,5890,5900,5910,5920,5930,5940,5950,5960,5970,5980,5990,6000,6010,6020,6030,6040,6050,6060,6070,6080,6090,6100,6110,6120,6130,6140,6150,6160,6170,6180,6190,6200,6210,6220,6230,6240,6250,6260,6270,6280,6290,6300,6310,6320,6330,6340,6350,6360,6370,6380,6390,6400,6410,6420,6430,6440,6450,6460,6470,6480,6490,6500,6510,6520,6530,6540,6550,6560,6570,6580,6590,6600,6610,6620,6630,6640,6650,6660,6670,6680,6690,6700,6710,6720,6730,6740,6750,6760,6770,6780,6790,6800,6810,6820,6830,6840,6850,6860,6870,6880,6890,6900,6910,6920,6930,6940,6950,6960,6970,6980,6990,7000,7010,7020,7030,7040,7050,7060,7070,7080,7090,7100,7110,7120,7130,7140,7150,7160,7170,7180,7190,7200,7210,7220,7230,7240,7250,7260,7270,7280,7290,7300,7310,7320,7330,7340,7350,7360,7370,7380,7390,7400,7410,7420,7430,7440,7450,7460,7470,7480,7490,7500,7510,7520,7530,7540,7550,7560,7570,7580,7590,7600,7610,7620,7630,7640,7650,7660,7670,7680,7690,7700,7710,7720,7730,7740,7750,7760,7770,7780,7790,7800,7810,7820,7830,7840,7850,7860,7870,7880,7890,7900,7910,7920,7930,7940,7950,7960,7970,7980,7990,8000
vrate mixed max_bound (excl),8000,-6250,-6240,-6230,-6220,-6210,-6200,-6190,-6180,-6170,-6160,-6150,-6140,-6130,-6120,-6110,-6100,-6090,-6080,-6070,-6060,-6050,-6040,-6030,-6020,-6010,-6000,-5990,-5980,-5970,-5960,-5950,-5940,-5930,-5920,-5910,-5900,-5890,-5880,-5870,-5860,-5850,-5840,-5830,-5820,-5810,-5800,-5790,-5780,-5770,-5760,-5750,-5740,-5730,-5720,-5710,-5700,-5690,-5680,-5670,-5660,-5650,-5640,-5630,-5620,-5610,-5600,-5590,-5580,-5570,-5560,-5550,-5540,-5530,-5520,-5510,-5500,-5490,-5480,-5470,-5460,-5450,-5440,-5430,-5420,-5410,-5400,-5390,-5380,-5370,-5360,-5350,-5340,-5330,-5320,-5310,-5300,-5290,-5280,-5270,-5260,-5250,-5240,-5230,-5220,-5210,-5200,-5190,-5180,-5170,-5160,-5150,-5140,-5130,-5120,-5110,-5100,-5090,-5080,-5070,-5060,-5050,-5040,-5030,-5020,-5010,-5000,-4990,-4980,-4970,-4960,-4950,-4940,-4930,-4920,-4910,-4900,-4890,-4880,-4870,-4860,-4850,-4840,-4830,-4820,-4810,-4800,-4790,-4780,-4770,-4760,-4750,-4740,-4730,-4720,-4710,-4700,-4690,-4680,-4670,-4660,-4650,-4640,-4630,-4620,-4610,-4600,-4590,-4580,-4570,-4560,-4550,-4540,-4530,-4520,-4510,-4500,-4490,-4480,-4470,-4460,-4450,-4440,-4430,-4420,-4410,-4400,-4390,-4380,-4370,-4360,-4350,-4340,-4330,-4320,-4310,-4300,-4290,-4280,-4270,-4260,-4250,-4240,-4230,-4220,-4210,-4200,-4190,-4180,-4170,-4160,-4150,-4140,-4130,-4120,-4110,-4100,-4090,-4080,-4070,-4060,-4050,-4040,-4030,-4020,-4010,-4000,-3990,-3980,-3970,-3960,-3950,-3940,-3930,-3920,-3910,-3900,-3890,-3880,-3870,-3860,-3850,-3840,-3830,-3820,-3810,-3800,-3790,-3780,-3770,-3760,-3750,-3740,-3730,-3720,-3710,-3700,-3690,-3680,-3670,-3660,-3650,-3640,-3630,-3620,-3610,-3600,-3590,-3580,-3570,-3560,-3550,-3540,-3530,-3520,-3510,-3500,-3490,-3480,-3470,-3460,-3450,-3440,-3430,-3420,-3410,-3400,-3390,-3380,-3370,-3360,-3350,-3340,-3330,-3320,-3310,-3300,-3290,-3280,-3270,-3260,-3250,-3240,-3230,-3220,-3210,-3200,-3190,-3180,-3170,-3160,-3150,-3140,-3130,-3120,-3110,-3100,-3090,-3080,-3070,-3060,-3050,-3040,-3030,-3020,-3010,-3000,-2990,-2980,-2970,-2960,-2950,-2940,-2930,-2920,-2910,-2900,-2890,-2880,-2870,-2860,-2850,-2840,-2830,-2820,-2810,-2800,-2790,-2780,-2770,-2760,-2750,-2740,-2730,-2720,-2710,-2700,-2690,-2680,-2670,-2660,-2650,-2640,-2630,-2620,-2610,-2600,-2590,-2580,-2570,-2560,-2550,-2540,-2530,-2520,-2510,-2500,-2490,-2480,-2470,-2460,-2450,-2440,-2430,-2420,-2410,-2400,-2390,-2380,-2370,-2360,-2350,-2340,-2330,-2320,-2310,-2300,-2290,-2280,-2270,-2260,-2250,-2240,-2230,-2220,-2210,-2200,-2190,-2180,-2170,-2160,-2150,-2140,-2130,-2120,-2110,-2100,-2090,-2080,-2070,-2060,-2050,-2040,-2030,-2020,-2010,-2000,-1990,-1980,-1970,-1960,-1950,-1940,-1930,-1920,-1910,-1900,-1890,-1880,-1870,-1860,-1850,-1840,-1830,-1820,-1810,-1800,-1790,-1780,-1770,-1760,-1750,-1740,-1730,-1720,-1710,-1700,-1690,-1680,-1670,-1660,-1650,-1640,-1630,-1620,-1610,-1600,-1590,-1580,-1570,-1560,-1550,-1540,-1530,-1520,-1510,-1500,-1490,-1480,-1470,-1460,-1450,-1440,-1430,-1420,-1410,-1400,-1390,-1380,-1370,-1360,-1350,-1340,-1330,-1320,-1310,-1300,-1290,-1280,-1270,-1260,-1250,-1240,-1230,-1220,-1210,-1200,-1190,-1180,-1170,-1160,-1150,-1140,-1130,-1120,-1110,-1100,-1090,-1080,-1070,-1060,-1050,-1040,-1030,-1020,-1010,-1000,-990,-980,-970,-960,-950,-940,-930,-920,-910,-900,-890,-880,-870,-860,-850,-840,-830,-820,-810,-800,-790,-780,-770,-760,-750,-740,-730,-720,-710,-700,-690,-680,-670,-660,-650,-640,-630,-620,-610,-600,-590,-580,-570,-560,-550,-540,-530,-520,-510,-500,-490,-480,-470,-460,-450,-440,-430,-420,-410,-400,-390,-380,-370,-360,-350,-340,-330,-320,-310,-300,-290,-280,-270,-260,-250,-240,-230,-220,-210,-200,-190,-180,-170,-160,-150,-140,-130,-120,-110,-100,-90,-80,-70,-60,-50,-40,-30,-20,-10,0,10,20,30,40,50,60,70,80,90,100,110,120,130,140,150,160,170,180,190,200,210,220,230,240,250,260,270,280,290,300,310,320,330,340,350,360,370,380,390,400,410,420,430,440,450,460,470,480,490,500,510,520,530,540,550,560,570,580,590,600,610,620,630,640,650,660,670,680,690,700,710,720,730,740,750,760,770,780,790,800,810,820,830,840,850,860,870,880,890,900,910,920,930,940,950,960,970,980,990,1000,1010,1020,1030,1040,1050,1060,1070,1080,1090,1100,1110,1120,1130,1140,1150,1160,1170,1180,1190,1200,1210,1220,1230,1240,1250,1260,1270,1280,1290,1300,1310,1320,1330,1340,1350,1360,1370,1380,1390,1400,1410,1420,1430,1440,1450,1460,1470,1480,1490,1500,1510,1520,1530,1540,1550,1560,1570,1580,1590,1600,1610,1620,1630,1640,1650,1660,1670,1680,1690,1700,1710,1720,1730,1740,1750,1760,1770,1780,1790,1800,1810,1820,1830,1840,1850,1860,1870,1880,1890,1900,1910,1920,1930,1940,1950,1960,1970,1980,1990,2000,2010,2020,2030,2040,2050,2060,2070,2080,2090,2100,2110,2120,2130,2140,2150,2160,2170,2180,2190,2200,2210,2220,2230,2240,2250,2260,2270,2280,2290,2300,2310,2320,2330,2340,2350,2360,2370,2380,2390,2400,2410,2420,2430,2440,2450,2460,2470,2480,2490,2500,2510,2520,2530,2540,2550,2560,2570,2580,2590,2600,2610,2620,2630,2640,2650,2660,2670,2680,2690,2700,2710,2720,2730,2740,2750,2760,2770,2780,2790,2800,2810,2820,2830,2840,2850,2860,2870,2880,2890,2900,2910,2920,2930,2940,2950,2960,2970,2980,2990,3000,3010,3020,3030,3040,3050,3060,3070,3080,3090,3100,3110,3120,3130,3140,3150,3160,3170,3180,3190,3200,3210,3220,3230,3240,3250,3260,3270,3280,3290,3300,3310,3320,3330,3340,3350,3360,3370,3380,3390,3400,3410,3420,3430,3440,3450,3460,3470,3480,3490,3500,3510,3520,3530,3540,3550,3560,3570,3580,3590,3600,3610,3620,3630,3640,3650,3660,3670,3680,3690,3700,3710,3720,3730,3740,3750,3760,3770,3780,3790,3800,3810,3820,3830,3840,3850,3860,3870,3880,3890,3900,3910,3920,3930,3940,3950,3960,3970,3980,3990,4000,4010,4020,4030,4040,4050,4060,4070,4080,4090,4100,4110,4120,4130,4140,4150,4160,4170,4180,4190,4200,4210,4220,4230,4240,4250,4260,4270,4280,4290,4300,4310,4320,4330,4340,4350,4360,4370,4380,4390,4400,4410,4420,4430,4440,4450,4460,4470,4480,4490,4500,4510,4520,4530,4540,4550,4560,4570,4580,4590,4600,4610,4620,4630,4640,4650,4660,4670,4680,4690,4700,4710,4720,4730,4740,4750,4760,4770,4780,4790,4800,4810,4820,4830,4840,4850,4860,4870,4880,4890,4900,4910,4920,4930,4940,4950,4960,4970,4980,4990,5000,5010,5020,5030,5040,5050,5060,5070,5080,5090,5100,5110,5120,5130,5140,5150,5160,5170,5180,5190,5200,5210,5220,5230,5240,5250,5260,5270,5280,5290,5300,5310,5320,5330,5340,5350,5360,5370,5380,5390,5400,5410,5420,5430,5440,5450,5460,5470,5480,5490,5500,5510,5520,5530,5540,5550,5560,5570,5580,5590,5600,5610,5620,5630,5640,5650,5660,5670,5680,5690,5700,5710,5720,5730,5740,5750,5760,5770,5780,5790,5800,5810,5820,5830,5840,5850,5860,5870,5880,5890,5900,5910,5920,5930,5940,5950,5960,5970,5980,5990,6000,6010,6020,6030,6040,6050,6060,6070,6080,6090,6100,6110,6120,6130,6140,6150,6160,6170,6180,6190,6200,6210,6220,6230,6240,6250,6260,6270,6280,6290,6300,6310,6320,6330,6340,6350,6360,6370,6380,6390,6400,6410,6420,6430,6440,6450,6460,6470,6480,6490,6500,6510,6520,6530,6540,6550,6560,6570,6580,6590,6600,6610,6620,6630,6640,6650,6660,6670,6680,6690,6700,6710,6720,6730,6740,6750,6760,6770,6780,6790,6800,6810,6820,6830,6840,6850,6860,6870,6880,6890,6900,6910,6920,6930,6940,6950,6960,6970,6980,6990,7000,7010,7020,7030,7040,7050,7060,7070,7080,7090,7100,7110,7120,7130,7140,7150,7160,7170,7180,7190,7200,7210,7220,7230,7240,7250,7260,7270,7280,7290,7300,7310,7320,7330,7340,7350,7360,7370,7380,7390,7400,7410,7420,7430,7440,7450,7460,7470,7480,7490,7500,7510,7520,7530,7540,7550,7560,7570,7580,7590,7600,7610,7620,7630,7640,7650,7660,7670,7680,7690,7700,7710,7720,7730,7740,7750,7760,7770,7780,7790,7800,7810,7820,7830,7840,7850,7860,7870,7880,7890,7900,7910,7920,7930,7940,7950,7960,7970,7980,7990,8000,8010
vrate values,-1,2,0,0,0,0,0,0,0,0,0,0,2,2,0,0,0,0,0,0,0,0,0,0,0,0,0,0,0,0,0,0,0,0,0,0,0,0,0,0,0,0,0,0,0,0,0,0,0,0,0,0,0,0,0,0,0,0,0,2,0,0,0,0,0,0,0,0,0,0,0,0,0,0,0,0,0,0,0,0,0,0,0,0,0,0,0,0,0,0,0,0,0,2,1,0,0,0,0,0,0,0,0,0,0,0,2,0,0,0,0,0,0,0,0,0,0,0,0,0,2,0,0,0,0,0,0,0,0,0,0,0,0,0,0,0,0,0,0,0,0,0,2,0,0,0,0,0,0,0,0,0,0,0,0,0,2,0,0,0,0,0,0,0,0,0,0,0,4,0,0,0,5,0,0,1,0,0,0,0,0,1,1,0,0,1,0,0,0,1,0,0,2,0,1,1,1,0,2,2,1,0,1,1,1,1,0,0,0,3,0,0,1,0,1,0,2,0,3,3,0,1,1,5,1,2,1,0,0,1,3,0,0,0,0,4,3,1,1,3,0,1,2,2,1,2,1,1,0,2,2,2,3,2,1,2,2,4,2,2,3,1,1,2,7,3,4,2,4,9,5,2,4,6,8,12,8,1,8,10,5,10,11,6,6,9,12,2,3,10,10,10,7,20,8,11,8,9,11,12,5,16,10,10,16,5,13,13,9,13,15,17,13,15,13,23,15,26,16,27,33,23,18,28,28,32,40,46,49,42,35,35,47,37,57,63,45,39,43,57,56,63,52,67,72,58,60,72,78,81,69,56,84,77,73,71,60,69,69,79,67,93,97,87,94,88,108,116,114,145,129,131,173,146,152,133,147,174,174,187,219,233,228,223,267,245,343,603,284,244,304,315,288,308,283,340,366,383,343,398,412,460,515,489,422,454,407,494,482,514,473,535,598,613,645,606,632,654,677,677,658,715,710,739,778,747,741,808,838,810,859,914,885,903,952,921,1062,1071,987,1103,1112,1069,1059,1004,1137,1135,1140,1120,1148,1143,1166,1202,1129,1141,1138,1236,1171,1181,1183,1251,1252,1264,1326,1289,1284,1276,1336,1349,1337,1417,1464,1503,1442,1371,1569,1593,1496,1606,1636,1592,1602,1613,1755,1771,1781,1776,1887,1934,2261,2231,2354,2497,2611,2590,2453,2508,2588,2680,2676,2688,2675,2789,2902,3066,3228,3274,3900,5214,3733,3693,3915,3794,3862,4114,4263,4102,4266,4034,4123,4152,4716,5048,4983,5109,5301,5273,5318,5528,5478,5568,5414,5496,5595,5573,5774,5804,6066,6231,6191,6457,6607,6762,6679,6759,7029,7192,7239,7755,7888,7980,8243,8705,8985,9413,9900,9991,10550,10931,11551,11541,11858,12099,12505,12944,13169,13116,13134,13550,13730,13657,13076,13096,13002,12832,12741,12650,12055,11843,11378,10798,10179,9843,9694,9527,8738,8644,8168,7974,7771,7486,7242,7483,7428,7163,7130,7001,6894,6878,6692,6801,6506,6494,6372,6226,5900,5964,6005,6162,5947,6016,6372,7243,8582,8302,7304,6747,6158,5725,5434,5482,5533,5641,6516,7611,9017,10598,34818,167154,22519,13795,8008,5562,4248,3816,3639,3331,3370,3623,3718,3954,4420,4781,3518,2508,2328,2036,2066,1951,1966,1770,1685,1696,1654,1535,1594,1734,1862,1561,1563,1538,1461,1469,1280,1321,1239,1133,1148,1237,1105,1155,1201,1284,1149,1207,1189,1271,1438,1367,1555,1611,1626,1726,1797,1904,2038,2099,2061,2257,2249,2282,2285,2429,2418,2621,2569,2693,2618,2935,2880,2830,2972,2941,2985,2908,2895,2992,3139,3074,3031,3335,3349,3616,3608,3692,3891,3828,3810,4137,4011,4058,4150,4236,4245,4592,4758,5219,5422,5723,5842,6179,6241,6509,7414,7288,6268,6883,7057,7616,7995,8203,8297,9163,9412,9488,9353,8885,12074,16739,9212,8639,8486,7306,7203,6970,6853,6660,6742,6871,6577,6410,7397,8222,7364,6778,6681,6224,6120,6046,6105,5729,5787,5470,5374,5336,5352,5290,5924,5334,5332,5323,5155,5227,5512,4948,5080,4895,4877,5170,4904,4716,4690,5076,4757,4941,4801,4622,4698,4483,4545,4403,4354,4087,4003,4112,3906,4162,3964,3765,4060,3565,3432,3332,3259,3298,3248,3265,3048,2973,2790,2574,2827,2594,2825,2464,2415,2340,2418,2209,2126,2142,1987,2283,1969,1835,1786,1837,1553,2123,1711,1676,1642,1585,1339,1408,1510,1566,1478,1519,1258,1441,1433,1388,1417,1387,1124,1298,1313,1280,1260,1261,1039,1158,1089,1078,1110,960,1041,3440,971,1021,922,863,893,936,870,867,912,843,804,881,834,861,815,852,863,821,884,843,792,795,802,807,837,860,756,792,867,785,723,754,709,763,727,706,735,713,689,768,674,718,683,712,705,646,716,661,679,653,695,695,606,612,641,569,633,608,547,651,556,566,575,573,515,537,545,527,544,508,473,489,506,484,469,423,421,459,466,427,433,392,414,403,405,412,429,365,347,454,382,379,364,350,327,328,360,331,354,327,292,314,305,282,305,291,313,283,269,246,232,260,227,250,242,231,225,205,232,729,217,191,220,216,195,187,178,202,175,156,190,156,176,191,159,179,180,140,168,162,179,163,167,153,136,135,129,130,159,137,177,150,136,152,133,132,136,154,137,144,118,149,133,113,122,125,114,117,118,102,133,114,111,104,92,105,109,113,97,97,106,104,123,111,86,92,80,84,96,100,85,92,74,92,90,94,78,79,115,81,99,79,85,97,81,68,78,86,65,97,69,90,62,64,88,94,61,73,66,58,60,74,66,63,73,51,61,68,65,48,67,44,48,47,47,51,46,33,47,174,46,41,46,34,48,51,55,23,42,36,26,45,38,41,46,37,32,35,38,41,30,42,34,22,34,33,27,36,25,33,28,42,22,33,25,31,34,25,32,17,17,27,29,35,21,20,20,27,29,19,19,22,14,12,16,14,22,7,7,6,18,14,12,15,11,19,17,10,23,10,5,19,10,18,11,8,12,19,23,6,8,4,9,8,10,10,11,13,2,11,11,3,5,9,5,12,7,10,5,12,7,7,9,10,7,0,8,5,4,4,1,7,3,8,3,8,4,4,2,36,6,4,3,1,3,8,3,8,9,3,3,1,5,10,6,7,2,6,11,9,3,17,2,2,4,11,4,5,2,7,5,3,4,12,4,0,2,3,4,4,3,0,2,2,3,4,1,1,5,0,5,7,3,3,0,3,2,7,2,1,3,1,0,2,1,1,0,3,4,1,0,0,2,1,0,2,0,2,0,0,0,2,0,0,0,0,0,1,0,2,1,0,0,0,0,0,1,0,0,1,0,0,0,0,0,2,0,1,1,2,0,0,0,0,0,0,1,0,0,4,0,0,4,4,0,1,8,2,2,2,0,0,4,6,0,2,0,6,2,4,4,6,0,1,0,0,6,4,0,0,2,5,0,6,0,2,0,0,1,2,0,2,4,2,2,2,0,2,8,0,2,0,0,2,0,1,0,2,0,0,2,2,0,0,0,2,0,1,0,0,0,2,0,4,0,0,1,0,2,4
accel mixed min_bound (incl),-1086,-1090,-1080,-1070,-1060,-1050,-1040,-1030,-1020,-1010,-1000,-990,-980,-970,-960,-950,-940,-930,-920,-910,-900,-890,-880,-870,-860,-850,-840,-830,-820,-810,-800,-790,-780,-770,-760,-750,-740,-730,-720,-710,-700,-690,-680,-670,-660,-650,-640,-630,-620,-610,-600,-590,-580,-570,-560,-550,-540,-530,-520,-510,-500,-490,-480,-470,-460,-450,-440,-430,-420,-410,-400,-390,-380,-370,-360,-350,-340,-330,-320,-310,-300,-290,-280,-270,-260,-250,-240,-230,-220,-210,-200,-190,-180,-170,-160,-150,-140,-130,-120,-110,-100,-90,-80,-70,-60,-50,-40,-30,-20,-10,0,10,20,30,40,50,60,70,80,90,100,110,120,130,140,150,160,170,180,190,200,210,220,230,240,250,260,270,280,290,300,310,320,330,340,350,360,370,380,390,400,410,420,430,440,450,460,470,480,490,500,510,520,530,540,550,560,570,580,590,600,610,620,630,640,650,660,670,680,690,700,710,720,730,740,750,760,770,780,790,800,810,820,830,840,850,860,870,880,890,900,910,920,930,940,950,960,970,980,990,1000,1010,1020,1030,1040,1050,1060,1070,1080,1090,1100,1110,1120,1130,1140
accel mixed max_bound (excl),1140,-1080,-1070,-1060,-1050,-1040,-1030,-1020,-1010,-1000,-990,-980,-970,-960,-950,-940,-930,-920,-910,-900,-890,-880,-870,-860,-850,-840,-830,-820,-810,-800,-790,-780,-770,-760,-750,-740,-730,-720,-710,-700,-690,-680,-670,-660,-650,-640,-630,-620,-610,-600,-590,-580,-570,-560,-550,-540,-530,-520,-510,-500,-490,-480,-470,-460,-450,-440,-430,-420,-410,-400,-390,-380,-370,-360,-350,-340,-330,-320,-310,-300,-290,-280,-270,-260,-250,-240,-230,-220,-210,-200,-190,-180,-170,-160,-150,-140,-130,-120,-110,-100,-90,-80,-70,-60,-50,-40,-30,-20,-10,0,10,20,30,40,50,60,70,80,90,100,110,120,130,140,150,160,170,180,190,200,210,220,230,240,250,260,270,280,290,300,310,320,330,340,350,360,370,380,390,400,410,420,430,440,450,460,470,480,490,500,510,520,530,540,550,560,570,580,590,600,610,620,630,640,650,660,670,680,690,700,710,720,730,740,750,760,770,780,790,800,810,820,830,840,850,860,870,880,890,900,910,920,930,940,950,960,970,980,990,1000,1010,1020,1030,1040,1050,1060,1070,1080,1090,1100,1110,1120,1130,1140,1150
accel values,-1,1,0,0,0,0,0,0,0,0,0,0,0,0,0,0,0,0,0,0,0,1,0,0,0,1,0,0,0,0,0,1,0,1,0,0,1,2,0,2,3,1,2,2,4,2,3,4,5,6,3,6,11,8,12,11,21,31,17,20,21,28,37,38,44,46,70,75,89,109,128,133,148,204,220,242,294,373,424,540,601,709,795,970,1299,1506,1820,2179,2713,3187,3784,4520,5586,6697,8111,9895,12102,14569,17223,20370,24462,29709,37841,53149,80841,125466,177248,193844,161886,124692,167593,173482,217245,201953,140998,86125,51744,33300,23216,17026,12497,9526,6916,5067,3722,2601,2114,1484,1258,1048,841,719,562,467,366,312,272,202,211,143,148,112,93,79,73,62,56,54,23,28,27,16,15,20,8,8,4,8,2,4,3,2,5,4,3,3,2,3,2,1,0,1,2,1,0,0,0,0,1,0,0,1,0,0,1,0,0,2,0,0,1,0,0,0,0,0,1,0,0,0,0,0,0,0,0,0,0,1,0,0,0,1,0,0,0,0,0,0,0,0,0,0,1,0,1
